08c6e348-08ed-5a21-8556-cdde8333af41,TEST
0990b137-8ea6-574e-8d86-59bc95b64027,TEST
11dba4bd-298a-57b8-9fc0-ce54ab29f79d,TEST
292d0652-6426-5541-9195-741977b4b7f7,TEST
2d49242e-b8f9-50ff-b304-158588382735,TEST
4cd3a222-f937-517d-8560-f31edbf6d6ef,TEST
51277b3f-4031-5952-98ba-90bfba116032,TEST
697e0740-d302-5699-b4fb-04c3352565c8,TEST
6c3963a2-791e-528f-831d-5894c07bef1c,TEST
854d1130-e1fc-57d8-bd93-9e38831e334d,TEST
8e8a60af-b1d4-55ee-a1fe-321ab1a1f4f2,TEST
a91464dd-ab4e-58b0-9a2e-ead899c46f7c,TEST
bef7f986-7942-55c5-92a2-0e62ff759040,TEST
cffcb614-b873-59c9-aa05-dd840031e144,TEST
d19fbec1-bf8b-5417-84ba-cde4a99db860,TEST
e91b48eb-fe49-5066-8d28-03ced524b23f,TEST
fb3dd85d-367e-5b8d-9929-95164089d10f,TEST
5c58e075-a2ba-536c-b039-f0418746dcea,DEV
ca3ccf42-c0ea-553b-b19f-e34570a1f03c,DEV
# WCDT bundle cafd99e3-ff98-560e-83af-02e9e31482c5
8c183b91-a96c-5a3b-aae9-15f75ea008d5,SU2C
c553c3c2-d7e4-5c5d-a361-f11d7d44e4a1,SU2C
f848dd54-6c05-5561-9ce0-d78063c3f048,SU2C
a0c02e09-2324-5fda-87bf-9b95158897cd,SU2C
1fcb4230-3738-5fec-b64b-e3510473ed6c,SU2C
55bb3f2c-20e8-59ec-b07a-5df9f2016fee,SU2C
cd2de697-a450-5da6-a083-4a05da274925,SU2C
8268026e-e9b5-5e35-89ae-3241e557cf8a,SU2C
7815e780-c274-55d5-b3b9-f0c5c4810593,SU2C
# WCDT bundle b7770848-7e35-5097-89f2-51cc6498dce2
4205f481-61a1-53b1-9d57-474523aecda6,SU2C
d2452253-592e-5a2e-b12b-52973a52f6ae,SU2C
6a095a18-6bfb-59a6-b490-c88709e9388a,SU2C
f30eba4e-2d77-5641-977d-bf2b2adc961a,SU2C
97eeb868-1e26-572c-81fd-81ac3f0703cb,SU2C
009bc68b-d113-5276-af3f-117d64839a96,SU2C
62b964ca-0aab-5b16-944e-80c25aa49162,SU2C
c46286bd-7f46-5768-970d-d629b42502a8,SU2C
cf64b33b-40d7-5496-83b4-c1f7a313d1be,SU2C
# WCDT bundle 2e994e20-3695-5e48-baa2-0edbdeaa745c
98e3c525-b1ec-5fca-855e-ce6cf42c07ba,SU2C
a866ca05-beea-590a-bda6-1931c0573b8f,SU2C
e30ae8ae-dd16-561a-b12d-b97f5a776e48,SU2C
8c185dab-bdeb-5708-bfbf-4d9383fe90ac,SU2C
663c4247-b657-51d7-8993-7087386ff98e,SU2C
0710d52a-7190-5310-84b8-7e5e48d8a3f8,SU2C
d1c76a50-2b46-5964-be89-160e9252b3e7,SU2C
95cd0992-c2a3-540d-ad63-8b54df047f75,SU2C
32167764-e79b-51a7-bdce-3e64f4590052,SU2C
98e3c525-b1ec-5fca-855e-ce6cf42c07ba,SU2C
